Comment,positive,negative,neutral
Nice app,0.737,0.0,0.263
Super,1.0,0.0,0.0
Super till date,0.661,0.0,0.339
Account activation confirmation very slowly and not work improve this issue,0.0,0.194,0.806
Useful application,0.744,0.0,0.256
Very good,0.762,0.0,0.238
Best \ay?Ment app,0.677,0.0,0.323
Ok,1.0,0.0,0.0
Axilent,0.0,0.0,1.0
Waste reward we want cashback .. who need those rewards... shifting to another app..,0.266,0.149,0.585
Use google pay for fast pay.this phonepe app is one of the slowest app in the planet,0.0,0.08,0.92
But ana open Panna mudiyala,0.0,0.0,1.0
Good App,0.744,0.0,0.256
Bast .Phonepe.,0.0,0.0,1.0
"I was a phonepe user from a long time, but recently they started charging 2rs extra for mobile recharge whereas other upi apps are not.. disappointed.",0.0,0.159,0.841
Osweam,0.0,0.0,1.0
Good,1.0,0.0,0.0
Good,1.0,0.0,0.0
Nic,0.0,0.0,1.0
Well Good service To pay easy mood...,0.642,0.114,0.244
Chargeble ap very bed,0.0,0.0,1.0
Work finishes with in blink your eyes. So good performing app. Work makes very very very very easy.,0.302,0.0,0.698
Very good,0.762,0.0,0.238
Very bad it's just blackmailing people naw this app starts charging amount without reason or before information that's why I m uninstalling it,0.0,0.159,0.841
This is a discusting 399 recharge and 2 rupees process charges uther operator is not charging this fees why use this app????,0.0,0.139,0.861
"Very secured App, Thanks",0.755,0.0,0.245
I want to send a recharge plane to my brother of 598 which was writen in the plane but when I paid 700 rs recharge gone to my brother.Please fix my problem,0.036,0.112,0.852
Anil kumar,0.0,0.0,1.0
Osm,0.0,0.0,1.0
Op,0.0,0.0,1.0
Fare not very fast,0.0,0.0,1.0
Super,1.0,0.0,0.0
Good,1.0,0.0,0.0
Good,1.0,0.0,0.0
Love it,0.808,0.0,0.192
Jagadish. M. Yadav,0.0,0.0,1.0
Nice very nice app,0.747,0.0,0.253
Good,1.0,0.0,0.0
good NICE,1.0,0.0,0.0
Best...,0.0,0.0,1.0
Good,1.0,0.0,0.0
Thik h,0.0,0.0,1.0
Very good app,0.615,0.0,0.385
Good app,0.744,0.0,0.256
Good,1.0,0.0,0.0
you are not giving referral amount and making fool,0.0,0.414,0.586
Hi Good,0.744,0.0,0.256
Very nice,0.756,0.0,0.244
Excelent,0.0,0.0,1.0
This app is worst Invalid coupon codes,0.0,0.406,0.594
Beautiful,1.0,0.0,0.0
Nice,1.0,0.0,0.0
Worst app,0.0,0.804,0.196
"Every time transaction is failure Very bad not supporting this emergency needs money, Scanning also failure",0.0,0.594,0.406
When Gpay fails phonepay makes it with EASE,0.269,0.233,0.499
Very good app,0.615,0.0,0.385
Superb,1.0,0.0,0.0
Easy to use .,0.592,0.0,0.408
Nice,1.0,0.0,0.0
Good,1.0,0.0,0.0
I love you phonepe,0.677,0.0,0.323
Good,1.0,0.0,0.0
Best aap,0.808,0.0,0.192
Good application,0.744,0.0,0.256
Good,1.0,0.0,0.0
Add BBMP PROPERTY TAX PAYMENT OPTION AND BANGALORE TRAFFIC FINES OPTION..,0.0,0.0,1.0
From wallet to bank account transfer the money not sure. Many times phone pe to phone pe money transfer is not possible.,0.0,0.085,0.915
Good service,0.744,0.0,0.256
Excellent,1.0,0.0,0.0
Good work,0.744,0.0,0.256
Mindbloing app,0.0,0.0,1.0
Best,1.0,0.0,0.0
Good,1.0,0.0,0.0
Podt,0.0,0.0,1.0
Good,1.0,0.0,0.0
Good,1.0,0.0,0.0
Easy way to payment‚,0.492,0.0,0.508
Good experience,0.744,0.0,0.256
Good,1.0,0.0,0.0
"Very good app. I fill safe while using this app. It is very fast , easy, and safe app. Thank you phonepe to provide such a wonderful facility for us.",0.467,0.0,0.533
Very useful application,0.615,0.0,0.385
Best app,0.808,0.0,0.192
Very very bad,0.0,0.671,0.329
super duper,0.796,0.0,0.204
Nice,1.0,0.0,0.0
Excellent work,0.787,0.0,0.213
Super,1.0,0.0,0.0
Nice app,0.737,0.0,0.263
Very good,0.762,0.0,0.238
"Baban, Kumar Attibele centre of Indian Bank",0.0,0.0,1.0
Please help,1.0,0.0,0.0
Google app,0.0,0.0,1.0
Best app ever,0.677,0.0,0.323
Recharge kartey time phonePe charge kar raha please charge phonePe 1 Star â­ rateing,0.161,0.0,0.839
"You guys really suck, deleting my comments from your backend system, I want everyone to be aware like how your payment system works, deducting money frm users account and failing the transactions, so so difficult to reach your team to report an issue or talk to your ppl. Also charging convince fee for the credit card payments...time to uninstall this app...",0.136,0.14,0.724
Sometimes loading issues otherwise good application,0.367,0.0,0.633
Nice,1.0,0.0,0.0
Safe and egy Hiiiiiiiii,0.492,0.0,0.508
Good & simple pracess,0.592,0.0,0.408
Good,1.0,0.0,0.0
Tq,0.0,0.0,1.0
Amazing,1.0,0.0,0.0
Nice ,1.0,0.0,0.0
Hanif,0.0,0.0,1.0
Superb,1.0,0.0,0.0
Nice,1.0,0.0,0.0
Good,1.0,0.0,0.0
Good,1.0,0.0,0.0
Cash back offers not interested,0.0,0.361,0.639
Good service,0.744,0.0,0.256
Awesome,1.0,0.0,0.0
Awasome and simple,0.0,0.0,1.0
best app,0.808,0.0,0.192
Happy,1.0,0.0,0.0
Good,1.0,0.0,0.0
Nice app and very useful for shop,0.545,0.0,0.455
Semma,0.0,0.0,1.0
Good,1.0,0.0,0.0
Good,1.0,0.0,0.0
Nyc,0.0,0.0,1.0
Good useful app but now it's policy most worst,0.244,0.381,0.375
Nice,1.0,0.0,0.0
Nice app...great experience.,0.583,0.0,0.417
à¤…à¤®à¥€à¤° à¤•à¤¾ à¤«à¥‹à¤Ÿà¥‹ à¤¹à¤Ÿà¤¾à¤“ à¤µà¤°à¤¨à¤¾à¥¤ app uninstall,0.0,0.0,1.0
Very nice,0.756,0.0,0.244
Good,1.0,0.0,0.0
Too much slow they made a scam with me of 70k I m very poor they r not giving me my money back ðŸ™plzz use another app but don't use this one it's a scam app,0.0,0.292,0.708
Mast,0.0,0.0,1.0
Let me experience,0.0,0.0,1.0
Louda app no cashback offers ntnhg since 5years why r u running app close app foolsðŸ˜‚ðŸ˜‚ðŸ˜‚8ðŸ˜…ðŸ˜…ðŸ¥²ðŸ¥²4ðŸ˜¥4,0.0,0.145,0.855
"Why and how can someone else cover my account without sharing OTP and card details I am telling you that my account was hacked, someone was in someone's mobile, there was a call from an unknown number, please check this Don't make any kind of problem.",0.071,0.159,0.77
Visual,0.0,0.0,1.0
Happy,1.0,0.0,0.0
Good apps,0.744,0.0,0.256
Good luck with everything,0.747,0.0,0.253
Good,1.0,0.0,0.0
So easy,0.762,0.0,0.238
Not scicfied,0.0,0.0,1.0
Za,0.0,0.0,1.0
Good,1.0,0.0,0.0
Nice,1.0,0.0,0.0
Good and fast ðŸ¤—ðŸ¤—ðŸ¤—ðŸ¤—ðŸ¤—ðŸ¤©,0.492,0.0,0.508
After Noon Good Day good more mornings for All good Afternoon,0.521,0.0,0.479
Awesome,1.0,0.0,0.0
Good,1.0,0.0,0.0
I accidentally posted earlier review ( which was for another app) on your page. I realised the error only once I posted. I tried deleting my review. This option seems to be not working currently. I sincerely apologize for that. Thanks for your time and patience.,0.092,0.163,0.745
Nice and promt transaction,0.483,0.0,0.517
Nice,1.0,0.0,0.0
Super,1.0,0.0,0.0
Good,1.0,0.0,0.0
Very nice,0.756,0.0,0.244
excellent,1.0,0.0,0.0
Great,1.0,0.0,0.0
Very important application ðŸ¥€ðŸ¤—ðŸ’•,0.411,0.0,0.589
Good,1.0,0.0,0.0
Super good,1.0,0.0,0.0
Good,1.0,0.0,0.0
most people are using this secure online app,0.282,0.0,0.718
Taking too much time during payment please fix it.,0.223,0.0,0.777
Very very useful,0.634,0.0,0.366
I'm not goons use your app any couse u r charging us on doing recharge Have a middle finger from my side,0.0,0.0,1.0
ðŸ˜ŽðŸ˜ŽðŸ¤˜ðŸ¤˜,0.0,0.0,1.0
Very good app,0.615,0.0,0.385
Good app.,0.744,0.0,0.256
Nbalaji,0.0,0.0,1.0
Very good,0.762,0.0,0.238
Unable to load balance,0.0,0.0,1.0
Super but please put the option Delete for our transaction Please Why it's not working it's shows your bank is not proceed this payment But at bank there's no problem please solve this from few days it's not working properly Why I trusted u but you not perfect Don't waste our time,0.25,0.182,0.568
"Now days QR code not able to loading taking so much time,ðŸ‘ŽðŸ‘ŽðŸ‘ŽðŸ‘ŽðŸ‘ŽðŸ‘ŽðŸ‘ŽðŸ‘ŽðŸ‘ŽðŸ‘ŽðŸ‘ŽðŸ‘ŽðŸ‘ŽðŸ‘ŽðŸ‘ŽðŸ‘ŽðŸ‘ŽðŸ‘ŽðŸ‘ŽðŸ‘ŽðŸ‘ŽðŸ‘ŽðŸ‘ŽðŸ‘ŽðŸ‘ŽðŸ‘ŽðŸ‘ŽðŸ‘ŽðŸ‘ŽðŸ‘ŽðŸ‘ŽðŸ‘ŽðŸ‘ŽðŸ‘ŽðŸ‘ŽðŸ‘ŽðŸ‘ŽðŸ‘ŽðŸ‘ŽðŸ‘ŽFed up with this App very slow app.",0.0,0.0,1.0
Good,1.0,0.0,0.0
I will talk manager for complaint my friend's money has not received by me,0.0,0.155,0.845
Bad app,0.0,0.778,0.222
EXCELLENT...AAA+++,0.0,0.0,1.0
osm,0.0,0.0,1.0
"I have Tamilnadu circle number but it shows other circle, and deny my recharge.",0.075,0.203,0.721
Ppooop,0.0,0.0,1.0
Good app,0.744,0.0,0.256
Super,1.0,0.0,0.0
I made a transaction on 5th March 2021 through phonepe my money was deducted but still not credited to merchant account. I am unable to raise ticket on phonepe app. I want someone to immediately contact me from phonepe,0.039,0.072,0.889
I love you phonepe.,0.677,0.0,0.323
Nice app Fast payment transaction,0.412,0.0,0.588
Bbikp,0.0,0.0,1.0
Once we top up to phonepe wallet we can't transfer it back and some places it is not working,0.091,0.0,0.909
Nice,1.0,0.0,0.0
Good,1.0,0.0,0.0
Amazing,1.0,0.0,0.0
Awesome,1.0,0.0,0.0
Fantastic app,0.783,0.0,0.217
Nice nice nice nice nice nice nice nice nice nice ðŸ™‚ðŸ™‚ðŸ™‚ðŸ™‚ðŸ™‚ Happy Birthday to you ðŸ˜€ðŸ˜€ðŸ˜€ðŸ˜€ðŸ˜€ðŸ˜€,0.864,0.0,0.136
Good,1.0,0.0,0.0
Best,1.0,0.0,0.0
Jasu,0.0,0.0,1.0
Fake,0.0,1.0,0.0
Please don't use phone pe app I have lost 10000 in my wallet misused by the phonepe team still no response from the phone pe team worst response from the customer care,0.137,0.214,0.648
It's really good and easy to use,0.56,0.0,0.44
ðŸ‘,0.0,0.0,1.0
Nice,1.0,0.0,0.0
Awesome,1.0,0.0,0.0
Good app,0.744,0.0,0.256
Good,1.0,0.0,0.0
Good,1.0,0.0,0.0
Good luck with everything going good with you,0.638,0.0,0.362
Good,1.0,0.0,0.0
Nice,1.0,0.0,0.0
Good,1.0,0.0,0.0
Excellent,1.0,0.0,0.0
à¤…à¤šà¥à¤›à¤¾ à¤¹à¥ˆ,0.0,0.0,1.0
"Please increase transferring limit of money upto 50,000 fifty thousand",0.365,0.0,0.635
Very slow compare to gpay or paytm. Down time very high.,0.0,0.0,1.0
Good,1.0,0.0,0.0
Nice service all time,0.483,0.0,0.517
"I TINK FAST TIME LOG IN THA APP AND WON A PRISE, PLISE GIVE A PRISE",0.236,0.0,0.764
Very good app,0.615,0.0,0.385
Best app,0.808,0.0,0.192
Good,1.0,0.0,0.0
"Super, good,wonderful",0.796,0.0,0.204
I loss my money in this app the option of Phone pe wallet they not return my money to my account I loss 1000 rs though this app if they not return my money to my account I will to this report about app,0.0,0.106,0.894
Good,1.0,0.0,0.0
Love this app,0.677,0.0,0.323
ðŸ‘ŒðŸ‘ŒðŸ‘Œ,0.0,0.0,1.0
Good,1.0,0.0,0.0
Very good app,0.615,0.0,0.385
Good,1.0,0.0,0.0
Nice,1.0,0.0,0.0
Transactions are very fast....and helpful for speed money transferâœŒ,0.278,0.0,0.722
Over the moon satisfaction,0.492,0.0,0.508
Good,1.0,0.0,0.0
Nice,1.0,0.0,0.0
Ok,1.0,0.0,0.0
Cash back not available only offers getting,0.0,0.0,1.0
"No cashback and nothing There many more apps in the play store which are better than this , because it doesn't give you a cashback it just give scratch card which are literally useless It's worse,ðŸ™„",0.132,0.124,0.744
Osm,0.0,0.0,1.0
Puku raa puka,0.0,0.0,1.0
Very good app,0.615,0.0,0.385
Nice,1.0,0.0,0.0
Nice,1.0,0.0,0.0
Excellent Many many thanks for the reply,0.569,0.0,0.431
Good app,0.744,0.0,0.256
very good,0.762,0.0,0.238
Very good app. For money transfers,0.39,0.0,0.61
Super aap bro,0.661,0.0,0.339
Extra money charg,0.0,0.0,1.0
Good,1.0,0.0,0.0
Usfull app,0.0,0.0,1.0
Good,1.0,0.0,0.0
superb,1.0,0.0,0.0
Proud of my india....excellent apk ....,0.383,0.0,0.617
Md shahid kapoor,0.0,0.0,1.0
Smooth. Transaction.,0.0,0.0,1.0
Super work,0.796,0.0,0.204
Excellent app,0.787,0.0,0.213
Super,1.0,0.0,0.0
Bijoyprasad,0.0,0.0,1.0
Nice,1.0,0.0,0.0
Excellent,1.0,0.0,0.0
Very very satisfactory.,0.606,0.0,0.394
Good,1.0,0.0,0.0
Running total to be displayed in statement,0.0,0.0,1.0
very good,0.762,0.0,0.238
Nice,1.0,0.0,0.0
It's fast and easy to use,0.367,0.0,0.633
Mast,0.0,0.0,1.0
"Reward or scratch card me kuchh dhanka diya Karo be ðŸ™„ Esi offer dete ho Jo kutaa bhi use na kare, ðŸ˜‚ kuchh pay karne par cash back ya translation par cash back Esi offer do",0.095,0.036,0.87
Easy to use. Transaction fatafat. Nice app.,0.533,0.0,0.467
Jafar,0.0,0.0,1.0
Good,1.0,0.0,0.0
Nice,1.0,0.0,0.0
Super fast,0.796,0.0,0.204
Ok,1.0,0.0,0.0
Irritating to update,0.0,0.6,0.4
I like this app,0.556,0.0,0.444
Good,1.0,0.0,0.0
Very good aap,0.615,0.0,0.385
Contact list now showing unable to pay through contact.,0.0,0.149,0.851
"Fake.. Having trouble in using wallet amount. Tried to close the wallet/Deactivating Phone pe account,but ,nothing is working Utterly Disappointed.",0.0,0.253,0.747
Processing fee ðŸ‘ŽðŸ‘ŽðŸ‘Ž,0.0,0.0,1.0
excellent,1.0,0.0,0.0
Good,1.0,0.0,0.0
Best,1.0,0.0,0.0
Helpful,1.0,0.0,0.0
Wow,1.0,0.0,0.0
Super,1.0,0.0,0.0
Good,1.0,0.0,0.0
Bad experience for no reason phonepe blocked my account,0.0,0.565,0.435
NYC,0.0,0.0,1.0
Jay shree ram,0.0,0.0,1.0
Excellent,1.0,0.0,0.0
Very Use full app,0.0,0.0,1.0
Good but not perfect,0.245,0.503,0.252
Is good app,0.592,0.0,0.408
"worst app, no cashbacks at all",0.0,0.612,0.388
Good,1.0,0.0,0.0
Nice,1.0,0.0,0.0
Good feeling,1.0,0.0,0.0
Super,1.0,0.0,0.0
Very nice.,0.756,0.0,0.244
Excellent app amazing features but phone pe casback nahi deta rewards kisisi kaam ke nahi hote please sir cashback mile tab na payment karne maja aayega.,0.35,0.0,0.65
Good,1.0,0.0,0.0
Best ever,0.808,0.0,0.192
Good,1.0,0.0,0.0
Just hate alia bhatt advertising your brand,0.0,0.381,0.619
Nice phone but Recharge 1 extra,0.322,0.0,0.678
Super,1.0,0.0,0.0
best app,0.808,0.0,0.192
Super app,0.796,0.0,0.204
Very good,0.762,0.0,0.238
Nice to use,0.583,0.0,0.417
Nice one,0.737,0.0,0.263
Nyc,0.0,0.0,1.0
Good,1.0,0.0,0.0
Good day,0.744,0.0,0.256
Opn,0.0,0.0,1.0
Best,1.0,0.0,0.0
Co ol one,0.0,0.0,1.0
Good app,0.744,0.0,0.256
Fantastic app,0.783,0.0,0.217
Best,1.0,0.0,0.0
Nice ,1.0,0.0,0.0
Worst money management app,0.0,0.577,0.423
highly recommended,0.677,0.0,0.323
Quite good,0.762,0.0,0.238
Extraordinary application,0.0,0.0,1.0
Good,1.0,0.0,0.0
Good,1.0,0.0,0.0
Bast app,0.0,0.0,1.0
Superb,1.0,0.0,0.0
I believe in this app very good and easy process,0.476,0.0,0.524
"""3rd"" time they deleted my review. Phone pe is charging money for recharges above 50 RS.They are deleting this again and again,i will keep posting the same again and again.",0.0,0.0,1.0
It's very good,0.0,0.0,1.0
Xllent,0.0,0.0,1.0
Very nice phonepe app very good,0.611,0.0,0.389
Good,1.0,0.0,0.0
Extra Charges on mobile recharge. Useless,0.0,0.551,0.449
Best cashbacks given,0.677,0.0,0.323
Good,1.0,0.0,0.0
Super,1.0,0.0,0.0
Transactions are very fast and immediately,0.0,0.0,1.0
Nako 5000rs kavali,0.0,0.0,1.0
Super,1.0,0.0,0.0
Super,1.0,0.0,0.0
Charging fees,0.0,0.0,1.0
Very nice,0.756,0.0,0.244
Ossm,0.0,0.0,1.0
Is goodapp,0.0,0.0,1.0
Please use google pay because they are charging amount for recharge. I am going to uninstall application and never back to phonepe app.,0.097,0.059,0.844
Super,1.0,0.0,0.0
love the faster and secure payments,0.623,0.0,0.377
Customers Support Not Good and evng 6 pm to 8 pm maximum case upi slow and wait problems with last 8 to 10 months payment failure and payment back in account next 7 to 10 days and now add extra charge,0.061,0.191,0.748
Fee,0.0,0.0,1.0
I can't get any cashback rewards on bills payment . Ussles app,0.256,0.0,0.744
Best,1.0,0.0,0.0
Good ,1.0,0.0,0.0
Good,1.0,0.0,0.0
Nice,1.0,0.0,0.0
Good experience But Cash Back Not Good,0.537,0.0,0.463
Very nice app,0.607,0.0,0.393
Nice app phonepe fast recharge moblie thankyou phone pe ,0.259,0.0,0.741
You are best,0.677,0.0,0.323
Good,1.0,0.0,0.0
Excellent App,0.787,0.0,0.213
Best ,1.0,0.0,0.0
Nyc.,0.0,0.0,1.0
Nice,1.0,0.0,0.0
Mb,0.0,0.0,1.0
Nice and easy to use,0.655,0.0,0.345
Good app,0.744,0.0,0.256
It's very good.,0.615,0.0,0.385
Good application,0.744,0.0,0.256
Super,1.0,0.0,0.0
Great,1.0,0.0,0.0
Bogaus,0.0,0.0,1.0
Good.,1.0,0.0,0.0
Love it,0.808,0.0,0.192
Superb,1.0,0.0,0.0
Excellent,1.0,0.0,0.0
Nice,1.0,0.0,0.0
Nice,1.0,0.0,0.0
Worst app I have never seen means ihave maken a payment they have not sent to the bank,0.0,0.215,0.785
Good app,0.744,0.0,0.256
Azam,0.0,0.0,1.0
Good work,0.744,0.0,0.256
Nice app,0.737,0.0,0.263
Nyc,0.0,0.0,1.0
Very easy n reliable,0.615,0.0,0.385
Best,1.0,0.0,0.0
Nice,1.0,0.0,0.0
Good,1.0,0.0,0.0
Nice app,0.737,0.0,0.263
VERY GOOD,0.762,0.0,0.238
"Not good , mot working",0.0,0.445,0.555
Good,1.0,0.0,0.0
Good luck,1.0,0.0,0.0
Outstanding,1.0,0.0,0.0
Excellent,1.0,0.0,0.0
Best,1.0,0.0,0.0
Very good,0.762,0.0,0.238
Excellent,1.0,0.0,0.0
Gd,0.0,0.0,1.0
"worst app ... I can't use my wallet except few websites.. if someone ask me to use this app by money ,I will not use this app.. because o can't use my money if I want to.. main bas intajar kar rahi hun kab mera wallet empty ho or me kab es app ko mene phone se delete kro..",0.022,0.098,0.88
Nice app. Easy to operate.,0.655,0.0,0.345
It's Good,0.744,0.0,0.256
Superb,1.0,0.0,0.0
Excellent,1.0,0.0,0.0
Good,1.0,0.0,0.0
Nice,1.0,0.0,0.0
Super UPI Payment,0.661,0.0,0.339
N8ce,0.0,0.0,1.0
Nice,1.0,0.0,0.0
Good,1.0,0.0,0.0
Supar,0.0,0.0,1.0
Great app,0.804,0.0,0.196
Excellent,1.0,0.0,0.0
Fine,1.0,0.0,0.0
Good,1.0,0.0,0.0
Poor transaction facility,0.0,0.608,0.392
no offer like Google pay,0.309,0.444,0.247
Very useful and nice app. Easy to use.,0.647,0.0,0.353
Very good,0.762,0.0,0.238
They will give useless coupon rewards What should we do with that coupons,0.183,0.166,0.651
Comfort,1.0,0.0,0.0
worst app,0.0,0.804,0.196
The best sarvice,0.677,0.0,0.323
Excellent,1.0,0.0,0.0
Si is good,0.592,0.0,0.408
Good,1.0,0.0,0.0
No issues so far,0.0,0.423,0.577
Good trng app,0.592,0.0,0.408
Very good,0.762,0.0,0.238
Good,1.0,0.0,0.0
Nice transaction aap,0.583,0.0,0.417
Very fast and no delay in payments....no processing issues.,0.0,0.405,0.595
Wonderful,1.0,0.0,0.0
Nice app,0.737,0.0,0.263
Thik,0.0,0.0,1.0
Cashback de Mujhe 1cr. Ka,0.0,0.0,1.0
Nice,1.0,0.0,0.0
Fantastic Application. It is more user friendly than Google pay. I would surely go for this one if I have to choose between the two.,0.328,0.046,0.625
Jabardast,0.0,0.0,1.0
Phonpe I was using since 3 years I think but now I am not able to check my account balance and strange thing is phonpe asking me to verify number And account.. disappointed,0.043,0.188,0.769
"Lot of bugs in the app, lost my money due to it. I booked irctc ticket and was successful but due to a problem in my house I wanted to cancel ticket but unabke to do so. I get error as Invalid train number. They released ticket cancelation feature without properly testing it. Because of the bug I have lost my money. Request to all the users do not use any new features, you might loose your money like I did.",0.078,0.194,0.728
Good,1.0,0.0,0.0
worst service,0.0,0.804,0.196
Very good service,0.615,0.0,0.385
Supar,0.0,0.0,1.0
Nice,1.0,0.0,0.0
Scratch to get 100% rating ðŸ˜’,0.0,0.0,1.0
Very good app.,0.615,0.0,0.385
Good app 10 $do please,0.634,0.0,0.366
Super,1.0,0.0,0.0
PARVEENKUMAR,0.0,0.0,1.0
Good,1.0,0.0,0.0
doesn’t hang at all,0.0,0.0,1.0
Very good,0.762,0.0,0.238
Good,1.0,0.0,0.0
Very good aap and very fast,0.39,0.0,0.61
Hdmuku,0.0,0.0,1.0
Not bad,0.74,0.0,0.26
Worst app taking convinient charge and gst on every transaction...cheating us charging extra money on every recharges and bill payment,0.0,0.177,0.823
good,1.0,0.0,0.0
Good,1.0,0.0,0.0
Supper,0.0,0.0,1.0
Super,1.0,0.0,0.0
I love you ,0.808,0.0,0.192
Nice,1.0,0.0,0.0
V. Good,0.744,0.0,0.256
Nice,1.0,0.0,0.0
Excellent,1.0,0.0,0.0
Nice,1.0,0.0,0.0
Super,1.0,0.0,0.0
Very nice,0.756,0.0,0.244
Good,1.0,0.0,0.0
nice,1.0,0.0,0.0
"good service , must add more options Many more improvement, Very useful, Thanks Phonepe",0.588,0.0,0.412
"This app is very useful for all ,but sometimes doesn't work properly",0.16,0.0,0.84
Fully satisfied,0.756,0.0,0.244
Hi naval kishore joshi,0.0,0.0,1.0
very good very good performance very useful,0.705,0.0,0.295
Good app,0.744,0.0,0.256
Good,1.0,0.0,0.0
Mast app,0.0,0.0,1.0
Good,1.0,0.0,0.0
DevaRam,0.0,0.0,1.0
Fully satisfied with the service,0.436,0.0,0.564
Very fast,0.0,0.0,1.0
Wallet service very faults. And problem solving very poor,0.14,0.569,0.292
very good,0.762,0.0,0.238
Super,1.0,0.0,0.0
To much slower,0.0,0.0,1.0
Excellent,1.0,0.0,0.0
Excellent,1.0,0.0,0.0
Vvnice,0.0,0.0,1.0
Good,1.0,0.0,0.0
ViNOD Tulsi,0.0,0.0,1.0
No problem until now,0.0,0.71,0.29
Good......,0.0,0.0,1.0
"Sikendr, Kumar",0.0,0.0,1.0
Good,1.0,0.0,0.0
Second time showing wrong upi pin but I am typing right upi pin why,0.0,0.146,0.854
Very easy to use,0.516,0.0,0.484
GT road and Tuesday,0.486,0.0,0.514
Nice application for payment to others,0.359,0.0,0.641
Good,1.0,0.0,0.0
Good,1.0,0.0,0.0
Very good working,0.615,0.0,0.385
Very nice,0.756,0.0,0.244
Phonepay,0.0,0.0,1.0
Thanks for,0.744,0.0,0.256
"I will never recommend Anyone to use PhonePe for recharges or any bill payments.Simply they charge extra platform fee and if we have other free platform like Paytm, Gpay, Amazon pay.Why one would pay for it.",0.183,0.086,0.732
Nice app,0.737,0.0,0.263
Good,1.0,0.0,0.0
So easy to send,0.516,0.0,0.484
One of the best app for payment,0.412,0.0,0.588
Good,1.0,0.0,0.0
Best aap for net banking,0.512,0.0,0.488
Good,1.0,0.0,0.0
All are good but charging 2rs for Recharge is really bad,0.121,0.322,0.558
Nice,1.0,0.0,0.0
Mast,0.0,0.0,1.0
Good,1.0,0.0,0.0
Chutay app app hay hamre paise gst le raha hay,0.0,0.0,1.0
Ek dam bekar hai khul nahi raha hai,0.0,0.0,1.0
Ramavtar Ahirwar,0.0,0.0,1.0
Real,0.0,0.0,1.0
S A,0.0,0.0,0.0
Best app,0.808,0.0,0.192
Good,1.0,0.0,0.0
Best quality,0.808,0.0,0.192
Very easy to used! Thank you phonepe,0.545,0.0,0.455
Very easy,0.762,0.0,0.238
Phone pe is must website,0.0,0.0,1.0
Bahut slow chalta hai,0.0,0.0,1.0
Worst,0.0,1.0,0.0
Super,1.0,0.0,0.0
Sarvendra tomar,0.0,0.0,1.0
Good,1.0,0.0,0.0
Very good. Please do add water bill payment of puducherry,0.419,0.0,0.581
It's good,0.744,0.0,0.256
Takeing charge for recharge,0.0,0.0,1.0
"In app support is useless in phonepe,no other executive support available.i lost my 2900/- as they did not deleted my in active phone pe no.from their record",0.23,0.145,0.625
Phone pay not working amount is not credited and this show your payment was declined security reasons what happened this problem ???,0.087,0.26,0.653
Pehly ye free ka app tha but ab ye recharge pe fees add karne lag gaya is se acha other app hi use kr le hum so bad yaar,0.057,0.249,0.694
Bed,0.0,0.0,1.0
Good,1.0,0.0,0.0
5000 rupaye free please,0.737,0.0,0.263
Exlent,0.0,0.0,1.0
I like this app,0.556,0.0,0.444
Nice app,0.737,0.0,0.263
Faster than lighter than google pay. Every indian should use only this india app for our nation development.,0.0,0.076,0.924
Very nice app,0.607,0.0,0.393
"Recently with new update most of the transactions are getting failed ,i have lost me tatkal train ticket due to failure ,phone pay please fix the issue ,the processing time has increased alot.",0.106,0.247,0.647
Good,1.0,0.0,0.0
Okay good,1.0,0.0,0.0
Very convenient for daily use,0.0,0.0,1.0
No cash back,0.0,0.524,0.476
Love this app,0.677,0.0,0.323
Good,1.0,0.0,0.0
Gud,0.0,0.0,1.0
My phone pay is not at all working,0.0,0.167,0.833
Very nice,0.756,0.0,0.244
Best,1.0,0.0,0.0
Good,1.0,0.0,0.0
Zero star for convenience fees,0.0,0.0,1.0
Suprr nice,0.737,0.0,0.263
Very nice ,0.756,0.0,0.244
I can't download and install this app.,0.0,0.0,1.0
Nice,1.0,0.0,0.0
Super o Super,1.0,0.0,0.0
Best app,0.808,0.0,0.192
Superb,1.0,0.0,0.0
Nice app,0.737,0.0,0.263
Good,1.0,0.0,0.0
Nyc,0.0,0.0,1.0
very good sevice,0.615,0.0,0.385
Best,1.0,0.0,0.0
Very usefull,0.0,0.0,1.0
Good app,0.744,0.0,0.256
Goood,0.0,0.0,1.0
Nice app,0.737,0.0,0.263
Very apt and secure,0.47,0.0,0.53
Good,1.0,0.0,0.0
Good and presious expereince,0.492,0.0,0.508
It showing only 2 transitions a day just update to make more transitions,0.0,0.0,1.0
Excellent,1.0,0.0,0.0
Piyush ko 5000 rupeej,0.0,0.0,1.0
This good,0.744,0.0,0.256
Worst App not given cash back in amount. Gives scratch card in which play rummy such type is open they lead to fall people to play rummy such worst thing. It's not good.,0.111,0.244,0.645
Ok,1.0,0.0,0.0
Great Indian App!,0.687,0.0,0.313
Ff,1.0,0.0,0.0
Exilent,0.0,0.0,1.0
Mere phone me download kyu nhi ho rha hai,0.0,0.0,1.0
Good app,0.744,0.0,0.256
Phonepay account is block how to unblock it,0.0,0.293,0.707
Very good,0.762,0.0,0.238
Very good,0.762,0.0,0.238
Good app...must dwnld this,0.492,0.0,0.508
"cant get otp in phonepay app and not add bank in my registerd number,also my sim was proper working,",0.0,0.0,1.0
Good,1.0,0.0,0.0
Excelant,0.0,0.0,1.0
Naic epp,0.0,0.0,1.0
Vodafone k liye recharge ka option hi nhi hai... Bakvas app banayi hai.. don't use... Mandate b nahi hota..,0.0,0.0,1.0
Nice,1.0,0.0,0.0
Good,1.0,0.0,0.0
Good,1.0,0.0,0.0
Cool,1.0,0.0,0.0
Best choice of online transaction,0.512,0.0,0.488
Great,1.0,0.0,0.0
Nice app,0.737,0.0,0.263
Very fast and quickly payments,0.0,0.0,1.0
Good,1.0,0.0,0.0
Best,1.0,0.0,0.0
fast payment....!,0.0,0.0,1.0
Good app easy to use,0.659,0.0,0.341
Convenient and seamless.,0.0,0.0,1.0
OK report h,0.746,0.0,0.254
Good,1.0,0.0,0.0
Best,1.0,0.0,0.0
Hgf,0.0,0.0,1.0
Gkumar,0.0,0.0,1.0
"Very bad user interface. Earlier I used to rely on this app but at one time where the transaction needed to be done in time restraint manner, this app took almost 7 minutes to complete transaction. Very dissappointed",0.0,0.064,0.936
Ok,1.0,0.0,0.0
This is good platform for digital transactions but i think it is not safe because on my brother's number one more fake account is added without UPI pin and any credit transfer is deposited into that fake account. How that account is added God and phonepay knows.,0.156,0.202,0.642
Good,1.0,0.0,0.0
Good service,0.744,0.0,0.256
Very good,0.762,0.0,0.238
Good,1.0,0.0,0.0
Doglo se ad karana chhod de,0.0,0.0,1.0
Looting money now for reacharge 2 rupees extra we go for other methods dump app,0.0,0.167,0.833
Best app ever,0.677,0.0,0.323
Worst.I don't recommend this application to anyone. It hangs as soon as I try to open it since past 6 months. It is of no use basically doesn't even provide any cash back. Mobile's prepaid recharge option isn't working at all. in the start they provide good services but as and when time goes this application starts to hang and I'm not even able to send more than rupees 2000.I'm fed up of it. I've placed complaints lot many times but no solution was ever provided. NO STAR FOR THIS APP.,0.049,0.134,0.818
Nice,1.0,0.0,0.0
Ok,1.0,0.0,0.0
Good,1.0,0.0,0.0
Please remove this app,0.434,0.0,0.566
Its very convenient to use,0.0,0.0,1.0
So good,0.762,0.0,0.238
Phonepe is super,0.661,0.0,0.339
Very good,0.762,0.0,0.238
Vary,0.0,0.0,1.0
Good,1.0,0.0,0.0
Very good,0.762,0.0,0.238
Nothing easier than this,0.0,0.437,0.563
Awesome nd very useful ¸,0.709,0.0,0.291
Nice,1.0,0.0,0.0
Good working,0.744,0.0,0.256
Super fast,0.796,0.0,0.204
Mobile will be hanged when the time of phone pe app opened,0.0,0.0,1.0
Good,1.0,0.0,0.0
Good,1.0,0.0,0.0
Very good,0.762,0.0,0.238
Not bad,0.74,0.0,0.26
Pichley ek month sey open nahi ho paraha hai jaisey hi open khud close ho ja raha hai kai baar unistaal bhi kar chuka hun but open nahi ho raha à¤¹à¥ˆ,0.0,0.0,1.0
Nic,0.0,0.0,1.0
Super,1.0,0.0,0.0
Thank you,0.714,0.0,0.286
Very good,0.762,0.0,0.238
Good,1.0,0.0,0.0
This is very usefull,0.0,0.0,1.0
exellent,0.0,0.0,1.0
Ok,1.0,0.0,0.0
I don't like ,0.0,0.678,0.322
Nice app,0.737,0.0,0.263
"Worst wallet , you cant use it in shops , it doesnt even fetch electric bills.they charge extra for mobile recharge as well. Beware, Once we topup money on phonpe wallet our money is trapped with them.",0.05,0.18,0.769
Beautiful,1.0,0.0,0.0
If you charge 2 rupees you will loose many users everyone will shift to bank app or other app note these point,0.0,0.103,0.897
Good,1.0,0.0,0.0
Excellent,1.0,0.0,0.0
Nice,1.0,0.0,0.0
Thanyou,0.0,0.0,1.0
Good,1.0,0.0,0.0
Yfy,0.0,0.0,1.0
Best payment app...,0.677,0.0,0.323
Superb,1.0,0.0,0.0
Nice,1.0,0.0,0.0
Nice,1.0,0.0,0.0
Very Nice,0.756,0.0,0.244
Best aap for saving time,0.512,0.0,0.488
Mg rhi,0.0,0.0,1.0
Good,1.0,0.0,0.0
Good,1.0,0.0,0.0
Best mobile banking app,0.583,0.0,0.417
"By by phonepe, put your plateform fee in your ase, worst app . Don't be download, this app take extra charges from customer.",0.0,0.237,0.763
Excellent app,0.787,0.0,0.213
Op aap,0.0,0.0,1.0
Most safe most good too ,0.689,0.0,0.311
Nice app,0.737,0.0,0.263
Excellent,1.0,0.0,0.0
"Good working easy operate ,easy activate all is well",0.684,0.0,0.316
Super exlent,0.796,0.0,0.204
Very good,0.762,0.0,0.238
When i opened the app its opening two apps folder and one is not working when touching and another phonepe tab is working in before 2 days ago now its opening two tabs of phonepe and the two tabs also not working now and I am opening again and again also not working and at some time its working please contact me formore information,0.037,0.0,0.963
Good transfar,0.744,0.0,0.256
We can't be paid electricity bill.,0.0,0.0,1.0
Good,1.0,0.0,0.0
Very good,0.762,0.0,0.238
Good app,0.744,0.0,0.256
Nice,1.0,0.0,0.0
Nice,1.0,0.0,0.0
"Good, But I need cash back offer.",0.281,0.0,0.719
Worst app even I didn't want give 1 star also bcoz whenever I try to transfer money it's failed . Plzz fix this problem.,0.0,0.423,0.577
Super,1.0,0.0,0.0
"Worst app, not a single rupee of cash back to me or anyone in my friend circle",0.15,0.192,0.657
OK report h,0.746,0.0,0.254
Ok,1.0,0.0,0.0
Good,1.0,0.0,0.0
Very good,0.762,0.0,0.238
super,1.0,0.0,0.0
Super,1.0,0.0,0.0
Aaaaaaa aaaaaaaa,0.0,0.0,1.0
Ultimate ,0.0,0.0,1.0
Wonderful,1.0,0.0,0.0
Supar,0.0,0.0,1.0
Super,1.0,0.0,0.0
Good,1.0,0.0,0.0
Very Good Payment Platform ,0.516,0.0,0.484
V good,1.0,0.0,0.0
Nice app,0.737,0.0,0.263
Good,1.0,0.0,0.0
Good service,0.744,0.0,0.256
Nice,1.0,0.0,0.0
Ic,0.0,0.0,1.0
Very good ,0.762,0.0,0.238
Good,1.0,0.0,0.0
Good one,0.744,0.0,0.256
Op op app for me,0.0,0.0,1.0
Very good,0.762,0.0,0.238
It a. Wonderful to money transpher,0.425,0.0,0.575
Its a amazing app for all things u can..easily pay by through this app,0.25,0.092,0.658
Excellent,1.0,0.0,0.0
Superb,1.0,0.0,0.0
Goog paymenting ,0.0,0.0,1.0
Good,1.0,0.0,0.0
Oy,0.0,0.0,1.0
Best app for money transfer,0.512,0.0,0.488
Worst application other applications give paylater option but this is worst application every time,0.0,0.406,0.594
Nice,1.0,0.0,0.0
Good,1.0,0.0,0.0
Super app 1999arts,0.661,0.0,0.339
Good app,0.744,0.0,0.256
Good upi payment app,0.492,0.0,0.508
Very good app,0.615,0.0,0.385
Becoming worse than ever not able to send money and check balance every day its coming like please try after some time and could not initiate transaction..,0.15,0.097,0.752
Bank accounts are unregistered automatically sometimes,0.0,0.0,1.0
I am using so many times this app and always doing upi payment through this but now I lost my 5000 rupees I have send someone but he didn't received in their account. Worst. Return my money. I'll never use this again for payment.,0.0,0.181,0.819
Super,1.0,0.0,0.0
Very nice,0.756,0.0,0.244
Super apps,0.796,0.0,0.204
Ultimate,0.0,0.0,1.0
Ok,1.0,0.0,0.0
Very useful,0.762,0.0,0.238
Nice,1.0,0.0,0.0
Good,1.0,0.0,0.0
Useful,1.0,0.0,0.0
osam,0.0,0.0,1.0
Easy to use,0.592,0.0,0.408
Easy to operate,0.592,0.0,0.408
Op,0.0,0.0,1.0
Best or best app,0.808,0.0,0.192
Showing unable to login,0.0,0.0,1.0
Not Bad ,0.74,0.0,0.26
Ramesh.katti,0.0,0.0,1.0
Bhai,0.0,0.0,1.0
Reffer and earn amount not avilibale my acount pleese reffer and earn amount add this..,0.0,0.0,1.0
Excellent app to maintain ur bank balances and for transaction money to anywhere anytime,0.222,0.0,0.778
Very helpful to people,0.508,0.0,0.492
Good,1.0,0.0,0.0
Anyone can use. Very helpful.,0.436,0.0,0.564
Super,1.0,0.0,0.0
Super exellent,0.796,0.0,0.204
Nice app,0.737,0.0,0.263
So nice& very fast,0.0,0.0,1.0
I am very very happy,0.587,0.0,0.413
Now is good for investment in madcap market make so much easier,0.374,0.0,0.626
Nice App,0.737,0.0,0.263
good experience,0.744,0.0,0.256
Good,1.0,0.0,0.0
Time waste app,0.0,0.583,0.417
A very good app you can easily pay your amounts. Thank you phonepe!,0.471,0.079,0.45
Nice,1.0,0.0,0.0
IT IS THE FAVARATE APP BECAUSE RICHARGE,0.0,0.0,1.0
Really excellent,0.8,0.0,0.2
Opapp,0.0,0.0,1.0
Super,1.0,0.0,0.0
It's quit good,0.592,0.0,0.408
Good,1.0,0.0,0.0
Nice,1.0,0.0,0.0
Report karo is app ko download nahi hota,0.0,0.0,1.0
Nice app,0.737,0.0,0.263
Worst,0.0,1.0,0.0
"very satisfied, highly recommend others too",0.606,0.0,0.394
Good,1.0,0.0,0.0
Nice,1.0,0.0,0.0
Faster than google pay,0.0,0.318,0.682
"Good, helpful.",1.0,0.0,0.0
Good,1.0,0.0,0.0
NYC,0.0,0.0,1.0
nice,1.0,0.0,0.0
Sir phone pe ma mistake arhi ha not chake balance and not sand money please sir help me,0.217,0.186,0.597
Extra char kat ta he Abi bekar he phn pe,0.0,0.0,1.0
Nice.,1.0,0.0,0.0
Good,1.0,0.0,0.0
Gfc,0.0,0.0,1.0
best app and service,0.583,0.0,0.417
vjay,0.0,0.0,1.0
Allows good,0.744,0.0,0.256
Good,1.0,0.0,0.0
Nyc app,0.0,0.0,1.0
Very Fine,0.677,0.0,0.323
Reallly like you Nice app My best app in phonepe Nice very nick Good like you,0.643,0.0,0.357
Very good shop,0.615,0.0,0.385
Easy to d,0.744,0.0,0.256
Nice app.money transfee,0.583,0.0,0.417
Daliy life use,0.0,0.0,1.0
Very nice app for money transactions,0.382,0.0,0.618
MR NOOB,0.0,0.545,0.455
down,0.0,0.0,1.0
Phonepe charge our money without asking our permission 2 rupees per transaction Please take immediate action phonepe team Thankyou,0.119,0.0,0.881
Good,1.0,0.0,0.0
Achha hai,0.0,0.0,1.0
Bad,0.0,1.0,0.0
Very good,0.762,0.0,0.238
Very good,0.762,0.0,0.238
Very good app for making payments and making recharges.,0.285,0.0,0.715
Best UPI,0.808,0.0,0.192
Expansive,0.0,0.0,1.0
Nice app,0.737,0.0,0.263
Nonsense . i buy google play but i don't get .,0.199,0.216,0.585
Nice,1.0,0.0,0.0
Mobile recharge karne pr extra charge le rha uninstall kro sbhi phonepe......,0.0,0.0,1.0
very nice,0.756,0.0,0.244
Best app,0.808,0.0,0.192
Good,1.0,0.0,0.0
Online payment k liya acha h,0.0,0.0,1.0
Worst payment app ever..,0.0,0.577,0.423
Good,1.0,0.0,0.0
Good,1.0,0.0,0.0
It was great,0.672,0.0,0.328
Amazing app,0.792,0.0,0.208
HOW PREPARE THE APPS WITH ANY RESTRICTIONS WE PAYING SOMEONE ALL ARE UNNISTAL,0.0,0.0,1.0
Gcn,0.0,0.0,1.0
BD,0.0,0.0,1.0
User Friendly,0.762,0.0,0.238
Good,1.0,0.0,0.0
Nice,1.0,0.0,0.0
Sandeep...s.l,0.0,0.0,1.0
Nice app,0.737,0.0,0.263
Good,1.0,0.0,0.0
Op00000,0.0,0.0,1.0
So good,0.762,0.0,0.238
Very very nice,0.628,0.0,0.372
A useless app that can't use the money that goes into the wallet 10 RS 20 Rs Upl pay from bank after purchasing goods? The Paytm app is very appropriate...,0.0,0.135,0.865
Good,1.0,0.0,0.0
Super,1.0,0.0,0.0
Preshan kar diya is ne koi cash reward nhi deta chalta bhi bhot slow he 2 se 3 bar to app open karna padta he,0.144,0.0,0.856
Nice,1.0,0.0,0.0
Good,1.0,0.0,0.0
Good,1.0,0.0,0.0
It is to bad,0.0,0.538,0.462
Good,1.0,0.0,0.0
Supar,0.0,0.0,1.0
Nice,1.0,0.0,0.0
It's a very good world app,0.444,0.0,0.556
Very good .,0.762,0.0,0.238
Good ,1.0,0.0,0.0
Enjoy,1.0,0.0,0.0
Nice app,0.737,0.0,0.263
Good app,0.744,0.0,0.256
Nice very nice,0.855,0.0,0.145
Ok,1.0,0.0,0.0
What is payment gateway charges,0.0,0.344,0.656
Good aap,0.744,0.0,0.256
Very good,0.762,0.0,0.238
This app is very easy and helpful for any types of payment.its osm:),0.363,0.0,0.637
Not good,0.0,0.706,0.294
B.bteja143,0.0,0.0,1.0
Good app,0.744,0.0,0.256
It's very good and easy and very comfortable,0.666,0.0,0.334
Nice,1.0,0.0,0.0
Good service & great app,0.778,0.0,0.222
Excellent,1.0,0.0,0.0
Solid and fast other apps like Google pay,0.39,0.133,0.476
Good works,0.744,0.0,0.256
Nice- very good,0.857,0.0,0.143
Good,1.0,0.0,0.0
Very use ful app,0.0,0.0,1.0
Best app,0.808,0.0,0.192
"Worest app , now the phonepay shows its real face. It asking platform fee for recharge.",0.0,0.0,1.0
Dustbins,0.0,0.0,1.0
This is app really waste,0.0,0.436,0.564
Good app,0.744,0.0,0.256
Good app money transfer,0.492,0.0,0.508
This is very helpful to me,0.382,0.0,0.618
Good,1.0,0.0,0.0
not verify my account . i have try to more time,0.0,0.0,1.0
Excellent app to pay money everyone is using phone pe.,0.282,0.107,0.611
Very good service,0.615,0.0,0.385
ðŸ‘ŒðŸ»ðŸ¤©ðŸ˜ðŸ˜ you happy birthday to sirtar to get it to me to sirtar you are you are super ðŸ‘ŒðŸ»ðŸ‘ŒðŸ»â˜• to get the car you bro and sis I love the right thing you have to be a bit late I will no you happy with you you can no you are super super bowl is the i me to get a few to you in person but you happy with you you can no you are you goin,0.222,0.068,0.71
Good,1.0,0.0,0.0
Nice,1.0,0.0,0.0
Very good,0.762,0.0,0.238
Not god,0.0,0.645,0.355
Using the app was a way convenient till you face the term technical glitche!!! It was so horrible to deal with IPO mandate request through PHONEPE..,0.0,0.183,0.817
Very good aap,0.615,0.0,0.385
Nice,1.0,0.0,0.0
Nice,1.0,0.0,0.0
Please uninstall the phonepay. Nowadays it take . charge on money transection.without teling. U.in other had. Its compitator.not taking any charges..for upi transection....,0.099,0.0,0.901
World best aap,0.677,0.0,0.323
R. X,0.0,0.0,1.0
Amazon pay best then given cashback per transaction,0.48,0.114,0.407
Nice,1.0,0.0,0.0
I am happy,0.787,0.0,0.213
PhonePe Vi 11 ,0.0,0.0,1.0
Happy,1.0,0.0,0.0
Katihar,0.0,0.0,1.0
Very nice,0.756,0.0,0.244
Very very nice and lam Happy ¸,0.586,0.0,0.414
Ok,1.0,0.0,0.0
Nice,1.0,0.0,0.0
Super Good,1.0,0.0,0.0
Ok,1.0,0.0,0.0
Good thank you phone pe,0.643,0.0,0.357
Pwoliyaan,0.0,0.0,1.0
Best,1.0,0.0,0.0
Not so good,0.0,0.567,0.433
Good app,0.744,0.0,0.256
Easy to all the billings,0.42,0.0,0.58
Nice app,0.737,0.0,0.263
Its a fraud app I bought two wheeler insurance via phone pe of reliance it mention hero bike instead of Suzuki scooty . I raised an issue on phonepe they assured me to resolve the issue but they didn't resolve it and closed the complaint and mentioned resolved even nothing is resolved I lost my money and got mental harassment due to this fraud,0.2,0.192,0.608
Super,1.0,0.0,0.0
Good app,0.744,0.0,0.256
To much freezing very slow app,0.0,0.219,0.781
Good,1.0,0.0,0.0
Easy to operate,0.592,0.0,0.408
This app and degital payment through phone pe became wrost because now u have to paid 2 rs gst on every transaction.. questions from Phone pe team why other apps not take extra charge ....,0.0,0.0,1.0
superb,1.0,0.0,0.0
Server too busy,0.0,0.0,1.0
Superb,1.0,0.0,0.0
Phone upi app not installing,0.0,0.0,1.0
Nice app,0.737,0.0,0.263
Good,1.0,0.0,0.0
This really good,0.615,0.0,0.385
Uninstalling,0.0,0.0,1.0
Phone pe is the india famous upi app,0.0,0.0,1.0
Ok,1.0,0.0,0.0
Easy,1.0,0.0,0.0
good,1.0,0.0,0.0
Nice,1.0,0.0,0.0
Good app,0.744,0.0,0.256
yet to start,0.0,0.0,1.0
Nice,1.0,0.0,0.0
No issues so far,0.0,0.423,0.577
Good,1.0,0.0,0.0
I have had the most pathetic experience on the very first time that I tried to make a bill payment via phonepe. The support team takes absolutely no responsibility and continues to share canned responses. The money was debited from my account but the transaction is still under process on the app. It's been more than 2 weeks and I cannot believe that a payment could not be processed. Please refund!!! I have had enough! Edit: I have been in touch with your in-app support since the last 16 days!!!,0.09,0.074,0.837
Super faste app,0.661,0.0,0.339
Excellent,1.0,0.0,0.0
Good,1.0,0.0,0.0
Super ðŸ‘Œ,0.796,0.0,0.204
2years,0.0,0.0,1.0
"No offer, nothing.. Not at all worthy to use.",0.0,0.397,0.603
Nice,1.0,0.0,0.0
"I cannot send money to my contacts or any phone numbers as when I click on the contact tab, it is not loading, just a white blank screen appears.",0.0,0.0,1.0
Good smart,1.0,0.0,0.0
Mast,0.0,0.0,1.0
Excellent app,0.787,0.0,0.213
Love thiss app,0.677,0.0,0.323
very good,0.762,0.0,0.238
Bogas,0.0,0.0,1.0
Nice phonepe apps,0.583,0.0,0.417
Supper,0.0,0.0,1.0
Soo good,0.744,0.0,0.256
Why have they started charging?,0.0,0.0,1.0
Very easy to use,0.516,0.0,0.484
Very nice,0.756,0.0,0.244
Phonepe rent payment charges are very high by other payments app...so i unstalled phonepe bcoz its not service at minimum charges,0.0,0.189,0.811
Very good and Very Secured,0.673,0.0,0.327
Good,1.0,0.0,0.0
"I am a regular user of phone pe and i have not violated any rules and regulations but they block my account with out any reason request,no support from customer care. I request Phonepe 2 unblock my account as soon as possible because i use  phonepe  quite a lot.",0.189,0.075,0.737
Good,1.0,0.0,0.0
Good,1.0,0.0,0.0
Very nice,0.756,0.0,0.244
Good,1.0,0.0,0.0
Good,1.0,0.0,0.0
Mast app,0.0,0.0,1.0
Best app and secure you privacy,0.623,0.0,0.377
Best app,0.808,0.0,0.192
Cashback not after doing referal,0.0,0.0,1.0
Nice not reward is wast of time... Quice translation,0.219,0.234,0.547
Worst app. I just tried to pay the money to my cab after the ride. But this app just not at all loading. I thought it is the issue with bank servers but that is not the case. I did the same payment with GPAY.,0.0,0.086,0.914
Nice app in the wolud,0.412,0.0,0.588
"Why u charged extra money in recharged I deleted ur apps,you make peoples fool ðŸ˜¡",0.0,0.299,0.701
Nice,1.0,0.0,0.0
Best app,0.808,0.0,0.192
Bad service dish aap,0.0,0.538,0.462
Good almost any where I do my payment,0.326,0.0,0.674
Good,1.0,0.0,0.0
Supper,0.0,0.0,1.0
Awesome App,0.804,0.0,0.196
Phone pe Gjb app bhai,0.0,0.0,1.0
Very nice,0.756,0.0,0.244
Very important app,0.511,0.0,0.489
Love this app best epay app,0.677,0.0,0.323
